demand_id,subject_code,subject_name,course_section_code,class_group_id,session_type,periods_required_per_week,required_room_type,candidate_teacher_ids,candidate_teacher_count
D001,HUS1023,Nhập môn phân tích dữ liệu,HUS1023 1,ĐHKHTN,Không rõ,3.0,0,T015|T049|T090,3
D002,HUS1023,Nhập môn phân tích dữ liệu,HUS1023 2,ĐHKHTN,Không rõ,3.0,0,T015|T049|T090,3
D003,HUS1023,Nhập môn phân tích dữ liệu,HUS1023 3,ĐHKHTN,Không rõ,3.0,0,T015|T049|T090,3
D004,HUS1023,Nhập môn phân tích dữ liệu,HUS1023 4,ĐHKHTN,Không rõ,3.0,0,T015|T049|T090,3
D005,HUS1023,Nhập môn phân tích dữ liệu,HUS1023 5,ĐHKHTN,Không rõ,3.0,0,T015|T049|T090,3
D006,MAT1076,Cơ học lý thuyết,MAT1076 1 TNT,K70 CNKHTN,Bài tập,2.0,0,T072,1
D007,MAT1076,Cơ học lý thuyết,MAT1076 1 TNT,K70 CNKHTN,Lý thuyết,2.0,0,T072,1
D008,MAT1076,Cơ học lý thuyết,MAT1076 2,K70A1T,Bài tập,2.0,0,T072,1
D009,MAT1076,Cơ học lý thuyết,MAT1076 2,K70A1T,Lý thuyết,2.0,0,T072,1
D010,MAT1090,Đại số tuyến tính,MAT1090 1,ĐHKHTN,Không rõ,4.0,0,T052|T067|T076|T083|T084,5
D011,MAT1090,Đại số tuyến tính,MAT1090 2,ĐHKHTN,Không rõ,4.0,0,T052|T067|T076|T083|T084,5
D012,MAT1090,Đại số tuyến tính,MAT1090 3,ĐHKHTN,Không rõ,4.0,0,T052|T067|T076|T083|T084,5
D013,MAT1090,Đại số tuyến tính,MAT1090 4,ĐHKHTN,Không rõ,4.0,0,T052|T067|T076|T083|T084,5
D014,MAT1090,Đại số tuyến tính,MAT1090 5,ĐHKHTN,Không rõ,4.0,0,T052|T067|T076|T083|T084,5
D015,MAT1090,Đại số tuyến tính,MAT1090 6,ĐHKHTN,Không rõ,4.0,0,T052|T067|T076|T083|T084,5
D016,MAT1090,Đại số tuyến tính,MAT1090 7,ĐHKHTN,Không rõ,4.0,0,T052|T067|T076|T083|T084,5
D017,MAT1092,Giải tích 2,MAT1092 1,ĐHKHTN,Không rõ,4.0,0,T002|T004|T027|T054|T059|T088|T089,7
D018,MAT1092,Giải tích 2,MAT1092 2,ĐHKHTN,Không rõ,4.0,0,T002|T004|T027|T054|T059|T088|T089,7
D019,MAT1092,Giải tích 2,MAT1092 3,ĐHKHTN,Không rõ,4.0,0,T002|T004|T027|T054|T059|T088|T089,7
D020,MAT1092,Giải tích 2,MAT1092 4,ĐHKHTN,Không rõ,4.0,0,T002|T004|T027|T054|T059|T088|T089,7
D021,MAT1092,Giải tích 2,MAT1092 5,ĐHKHTN,Không rõ,4.0,0,T002|T004|T027|T054|T059|T088|T089,7
D022,MAT1092,Giải tích 2,MAT1092 6,ĐHKHTN,Không rõ,4.0,0,T002|T004|T027|T054|T059|T088|T089,7
D023,MAT1101,Xác suất thống kê,MAT1101 1,ĐHKHTN,Không rõ,4.0,0,T015|T019|T025|T044|T049|T085|T086|T087,8
D024,MAT1101,Xác suất thống kê,MAT1101 10,ĐHKHTN,Không rõ,4.0,0,T015|T019|T025|T044|T049|T085|T086|T087,8
D025,MAT1101,Xác suất thống kê,MAT1101 11,ĐHKHTN,Không rõ,4.0,0,T015|T019|T025|T044|T049|T085|T086|T087,8
D026,MAT1101,Xác suất thống kê,MAT1101 12,ĐHKHTN,Không rõ,4.0,0,T015|T019|T025|T044|T049|T085|T086|T087,8
D027,MAT1101,Xác suất thống kê,MAT1101 13,ĐHKHTN,Không rõ,4.0,0,T015|T019|T025|T044|T049|T085|T086|T087,8
D028,MAT1101,Xác suất thống kê,MAT1101 14,ĐHKHTN,Không rõ,4.0,0,T015|T019|T025|T044|T049|T085|T086|T087,8
D029,MAT1101,Xác suất thống kê,MAT1101 2,ĐHKHTN,Không rõ,4.0,0,T015|T019|T025|T044|T049|T085|T086|T087,8
D030,MAT1101,Xác suất thống kê,MAT1101 3,ĐHKHTN,Không rõ,4.0,0,T015|T019|T025|T044|T049|T085|T086|T087,8
D031,MAT1101,Xác suất thống kê,MAT1101 4,ĐHKHTN,Không rõ,4.0,0,T015|T019|T025|T044|T049|T085|T086|T087,8
D032,MAT1101,Xác suất thống kê,MAT1101 5,ĐHKHTN,Không rõ,4.0,0,T015|T019|T025|T044|T049|T085|T086|T087,8
D033,MAT1101,Xác suất thống kê,MAT1101 6,ĐHKHTN,Không rõ,4.0,0,T015|T019|T025|T044|T049|T085|T086|T087,8
D034,MAT1101,Xác suất thống kê,MAT1101 7,ĐHKHTN,Không rõ,4.0,0,T015|T019|T025|T044|T049|T085|T086|T087,8
D035,MAT1101,Xác suất thống kê,MAT1101 8,ĐHKHTN,Không rõ,4.0,0,T015|T019|T025|T044|T049|T085|T086|T087,8
D036,MAT1101,Xác suất thống kê,MAT1101 9,ĐHKHTN,Không rõ,4.0,0,T015|T019|T025|T044|T049|T085|T086|T087,8
D037,MAT1192,Giải tích 2,MAT1192 1,ĐHKHTN,Không rõ,3.0,0,T081,1
D038,MAT1192,Giải tích 2,MAT1192 2,ĐHKHTN,Không rõ,3.0,0,T081,1
D039,MAT1202,Lập trình hướng đối tượng,MAT1202 1,K69A2,Thực hành,3.0,1,T008|T037|T079|T080,4
D040,MAT1202,Lập trình hướng đối tượng,"MAT1202 1,2,3,4",K69A2,Lý thuyết,2.0,0,T008,1
D041,MAT1202,Lập trình hướng đối tượng,MAT1202 10,K70A4,Thực hành,3.0,1,T008|T037|T079|T080,4
D042,MAT1202,Lập trình hướng đối tượng,MAT1202 11,K70A4,Thực hành,3.0,1,T008|T037|T079|T080,4
D043,MAT1202,Lập trình hướng đối tượng,MAT1202 12,K70A4,Thực hành,3.0,1,T008|T037|T079|T080,4
D044,MAT1202,Lập trình hướng đối tượng,MAT1202 2,K69A2,Thực hành,3.0,1,T008|T037|T079|T080,4
D045,MAT1202,Lập trình hướng đối tượng,MAT1202 3,K69A2,Thực hành,3.0,1,T008|T037|T079|T080,4
D046,MAT1202,Lập trình hướng đối tượng,MAT1202 4,K69A2,Thực hành,3.0,1,T008|T037|T079|T080,4
D047,MAT1202,Lập trình hướng đối tượng,MAT1202 5,K70A3,Thực hành,3.0,1,T008|T037|T079|T080,4
D048,MAT1202,Lập trình hướng đối tượng,"MAT1202 5,6,7,8",K70A3,Lý thuyết,2.0,0,T008,1
D049,MAT1202,Lập trình hướng đối tượng,MAT1202 6,K70A3,Thực hành,3.0,1,T008|T037|T079|T080,4
D050,MAT1202,Lập trình hướng đối tượng,MAT1202 7,K70A3,Thực hành,3.0,1,T008|T037|T079|T080,4
D051,MAT1202,Lập trình hướng đối tượng,MAT1202 8,K70A3,Thực hành,3.0,1,T008|T037|T079|T080,4
D052,MAT1202,Lập trình hướng đối tượng,MAT1202 9,K70A4,Thực hành,3.0,1,T008|T037|T079|T080,4
D053,MAT1202,Lập trình hướng đối tượng,"MAT1202 9,10,11,12",K70A4,Lý thuyết,2.0,0,T008,1
D054,MAT1203,Phân tích và thiết kế hệ thống thông tin,MAT1203 1,K67A3|K67A4,Thực hành,1.0,1,T006|T007|T008|T009|T010|T011,6
D055,MAT1203,Phân tích và thiết kế hệ thống thông tin,"MAT1203 1,2,3,4",K67A3|K67A4,Lý thuyết,2.0,0,T006|T007|T008|T009|T010|T011,6
D056,MAT1203,Phân tích và thiết kế hệ thống thông tin,MAT1203 2,K67A3|K67A4,Thực hành,1.0,1,T006|T007|T008|T009|T010|T011,6
D057,MAT1203,Phân tích và thiết kế hệ thống thông tin,MAT1203 3,K67A3|K67A4,Thực hành,1.0,1,T006|T007|T008|T009|T010|T011,6
D058,MAT1203,Phân tích và thiết kế hệ thống thông tin,MAT1203 4,K67A3|K67A4,Thực hành,1.0,1,T006|T007|T008|T009|T010|T011,6
D059,MAT1204,Phương pháp nghiên cứu khoa học,MAT1204 1,K68A3|K68A4,Thực hành,1.0,1,T007|T010|T012,3
D060,MAT1204,Phương pháp nghiên cứu khoa học,"MAT1204 1,2,3,4,10,11",K68A3|K68A4,Lý thuyết,2.0,0,T007|T010|T012,3
D061,MAT1204,Phương pháp nghiên cứu khoa học,MAT1204 10,K68A3|K68A4,Thực hành,1.0,1,T007|T010|T012,3
D062,MAT1204,Phương pháp nghiên cứu khoa học,MAT1204 11,K68A3|K68A4,Thực hành,1.0,1,T007|T010|T012,3
D063,MAT1204,Phương pháp nghiên cứu khoa học,MAT1204 2,K68A3|K68A4,Thực hành,1.0,1,T007|T010|T012,3
D064,MAT1204,Phương pháp nghiên cứu khoa học,MAT1204 3,K68A3|K68A4,Thực hành,1.0,1,T007|T010|T012,3
D065,MAT1204,Phương pháp nghiên cứu khoa học,MAT1204 4,K68A3|K68A4,Thực hành,1.0,1,T007|T010|T012,3
D066,MAT1204,Phương pháp nghiên cứu khoa học,MAT1204 5,K68A5,Bài tập,1.0,1,T007|T010|T012,3
D067,MAT1204,Phương pháp nghiên cứu khoa học,"MAT1204 5,6,7,8,9",K68A5,Lý thuyết,2.0,0,T007|T010|T012,3
D068,MAT1204,Phương pháp nghiên cứu khoa học,MAT1204 6,K68A5,Bài tập,1.0,1,T007|T010|T012,3
D069,MAT1204,Phương pháp nghiên cứu khoa học,MAT1204 7,K68A5,Bài tập,1.0,1,T007|T010|T012,3
D070,MAT1204,Phương pháp nghiên cứu khoa học,MAT1204 8,K68A5,Bài tập,1.0,1,T007|T010|T012,3
D071,MAT1204,Phương pháp nghiên cứu khoa học,MAT1204 9,K68A5,Bài tập,1.0,1,T007|T010|T012,3
D072,MAT1208,Xây dựng hệ thống nhúng,MAT1208 1,K68A3|K68A4,Thực hành,2.0,0,T039,1
D073,MAT1208,Xây dựng hệ thống nhúng,MAT1208 2,K68A3|K68A4,Thực hành,2.0,0,T039,1
D074,MAT1208,Xây dựng hệ thống nhúng,MAT1208 3,K68A3|K68A4,Thực hành,2.0,0,T039,1
D075,MAT1291,Giải tích 1,MAT1291 TNS,ĐHKHTN,Không rõ,5.0,0,T020,1
D076,MAT1292,Giải tích 2,MAT1292 TNH,ĐHKHTN,Không rõ,5.0,0,T088,1
D077,MAT2034,Giải tích số,MAT2034,K68A3|K68A4,Bài tập,2.0,0,T033,1
D078,MAT2034,Giải tích số,MAT2034,K68A3|K68A4,Lý thuyết,2.0,0,T033,1
D079,MAT2300,Đại số tuyến tính 1,MAT2300 1,Học lại,Bài tập,2.0,0,T067,1
D080,MAT2300,Đại số tuyến tính 1,MAT2300 1,Học lại,Lý thuyết,3.0,0,T056,1
D081,MAT2301,Đại số tuyến tính 2,MAT2301 2,K70A1T,Bài tập,2.0,0,T017|T052|T057|T076,4
D082,MAT2301,Đại số tuyến tính 2,"MAT2301 2,3",K70A1T,Lý thuyết,3.0,0,T055|T075,2
D083,MAT2301,Đại số tuyến tính 2,MAT2301 3,K70A1T,Bài tập,2.0,0,T017|T052|T057|T076,4
D084,MAT2301,Đại số tuyến tính 2,MAT2301 4,K70A2,Bài tập,3.0,0,T017|T052|T057|T076,4
D085,MAT2301,Đại số tuyến tính 2,"MAT2301 4,5",K70A2,Lý thuyết,3.0,0,T055|T075,2
D086,MAT2301,Đại số tuyến tính 2,MAT2301 5,K70A2,Bài tập,3.0,0,T017|T052|T057|T076,4
D087,MAT2302,Giải tích 1,MAT2302,Học lại,Bài tập,4.0,0,T071,1
D088,MAT2302,Giải tích 1,MAT2302,Học lại,Lý thuyết,3.0,0,T070,1
D089,MAT2303,Giải tích 2,MAT2303 1 TNT,K70 CNKHTN,Bài tập,4.0,0,T023|T027|T048|T071|T073,5
D090,MAT2303,Giải tích 2,MAT2303 1 TNT,K70 CNKHTN,Lý thuyết,3.0,0,T053|T068|T070,3
D091,MAT2303,Giải tích 2,MAT2303 2,K70A1T,Bài tập,4.0,0,T023|T027|T048|T071|T073,5
D092,MAT2303,Giải tích 2,"MAT2303 2,3",K70A1T,Lý thuyết,3.0,0,T053|T068|T070,3
D093,MAT2303,Giải tích 2,MAT2303 3,K70A1T,Bài tập,4.0,0,T023|T027|T048|T071|T073,5
D094,MAT2303,Giải tích 2,MAT2303 4,K70A2,Bài tập,4.0,0,T023|T027|T048|T071|T073,5
D095,MAT2303,Giải tích 2,"MAT2303 4,5",K70A2,Lý thuyết,3.0,0,T053|T068|T070,3
D096,MAT2303,Giải tích 2,MAT2303 5,K70A2,Bài tập,4.0,0,T023|T027|T048|T071|T073,5
D097,MAT2303,Giải tích 2,MAT2303 6,ĐHGD,Không rõ,4.0,0,T022|T023|T089,3
D098,MAT2303,Giải tích 2,"MAT2303 6,7",ĐHGD,Không rõ,3.0,0,T022|T023|T089,3
D099,MAT2303,Giải tích 2,MAT2303 7,ĐHGD,Không rõ,4.0,0,T022|T023|T089,3
D100,MAT2306,Phương trình đạo hàm riêng 1,MAT2306,K68A1T,Bài tập,2.0,0,T023,1
D101,MAT2306,Phương trình đạo hàm riêng 1,MAT2306,K68A1T,Lý thuyết,2.0,0,T022,1
D102,MAT2308,Xác suất 1,MAT2308 1 TNT,K69 CNKHTN,Lý thuyết,4.0,0,T019|T058,2
D103,MAT2308,Xác suất 1,MAT2308 2,K69A1T,Bài tập,2.0,0,T058,1
D104,MAT2308,Xác suất 1,MAT2308 2,K69A1T,Lý thuyết,2.0,0,T019|T058,2
D105,MAT2310,Hình học giải tích,MAT2310 1 TNT,K69 CNKHTN,Lý thuyết + Bài tập,3.0,0,T050,1
D106,MAT2310,Hình học giải tích,MAT2310 2,K69A1T,Lý thuyết + Bài tập,3.0,0,T050,1
D107,MAT2311,Thống kê ứng dụng,MAT2311 1 TNT,K68 CNKHTN,Bài tập,2.0,0,T013,1
D108,MAT2311,Thống kê ứng dụng,MAT2311 1 TNT,K68 CNKHTN,Lý thuyết,3.0,0,T013|T025,2
D109,MAT2311,Thống kê ứng dụng,MAT2311 2,K68A1T,Thực hành,2.0,1,T026,1
D110,MAT2311,Thống kê ứng dụng,"MAT2311 2,3,4",K68A1T,Lý thuyết,3.0,0,T013|T025,2
D111,MAT2311,Thống kê ứng dụng,MAT2311 3,K68A1T,Thực hành,2.0,1,T026,1
D112,MAT2311,Thống kê ứng dụng,MAT2311 4,K68A1T,Thực hành,2.0,1,T026,1
D113,MAT2314,Phương trình vi phân,MAT2314,K69A2,Bài tập,2.0,0,T060,1
D114,MAT2314,Phương trình vi phân,MAT2314,K69A2,Lý thuyết,3.0,0,T021,1
D115,MAT2321,Đại số tuyến tính 2,MAT2321 TNT,K70 CNKHTN,Bài tập,3.0,0,T050,1
D116,MAT2321,Đại số tuyến tính 2,MAT2321 TNT,K70 CNKHTN,Lý thuyết,3.0,0,T074,1
D117,MAT2323,Xác suất - Thống kê,MAT2323 1,K69A3,Bài tập,2.0,0,T065,1
D118,MAT2323,Xác suất - Thống kê,MAT2323 1,K69A3,Lý thuyết,3.0,0,T065,1
D119,MAT2323,Xác suất - Thống kê,MAT2323 2,K69A4,Bài tập,2.0,0,T065,1
D120,MAT2323,Xác suất - Thống kê,MAT2323 2,K69A4,Lý thuyết,3.0,0,T065,1
D121,MAT2400,Đại số tuyến tính,MAT2400 1,K70A3,Bài tập,3.0,0,T016|T052|T056|T075,4
D122,MAT2400,Đại số tuyến tính,"MAT2400 1,2",K70A3,Lý thuyết,3.0,0,T050|T057,2
D123,MAT2400,Đại số tuyến tính,MAT2400 2,K70A3,Bài tập,3.0,0,T016|T052|T056|T075,4
D124,MAT2400,Đại số tuyến tính,MAT2400 3,K70A4,Bài tập,3.0,0,T016|T052|T056|T075,4
D125,MAT2400,Đại số tuyến tính,"MAT2400 3,4",K70A4,Lý thuyết,3.0,0,T050|T057,2
D126,MAT2400,Đại số tuyến tính,MAT2400 4,K70A4,Bài tập,3.0,0,T016|T052|T056|T075,4
D127,MAT2403,Phương trình vi phân,MAT2403 1,K69A3,Bài tập,2.0,0,T060|T062,2
D128,MAT2403,Phương trình vi phân,MAT2403 1,K69A3,Lý thuyết,2.0,0,T060|T062,2
D129,MAT2403,Phương trình vi phân,MAT2403 2,K69A4,Bài tập,2.0,0,T060|T062,2
D130,MAT2403,Phương trình vi phân,MAT2403 2,K69A4,Lý thuyết,2.0,0,T060|T062,2
D131,MAT2403,Phương trình vi phân,MAT2403 3,K69A5,Bài tập,2.0,0,T060|T062,2
D132,MAT2403,Phương trình vi phân,MAT2403 3,K69A5,Lý thuyết,2.0,0,T060|T062,2
D133,MAT2404,Giải tích số,MAT2404,K68A2,Bài tập,2.0,0,T027,1
D134,MAT2404,Giải tích số,MAT2404,K68A2,Lý thuyết,3.0,0,T005,1
D135,MAT2406,Thống kê ứng dụng,MAT2406,K69A2,Bài tập,3.0,0,T043,1
D136,MAT2406,Thống kê ứng dụng,MAT2406,K69A2,Lý thuyết,2.0,0,T043,1
D137,MAT2407,Tối ưu hóa,MAT2407 1,K68A1T,Bài tập,2.0,0,T024|T048|T063,3
D138,MAT2407,Tối ưu hóa,MAT2407 1,K68A1T,Lý thuyết,2.0,0,T024|T048|T063,3
D139,MAT2407,Tối ưu hóa,MAT2407 2,K68A5,Bài tập,2.0,0,T024|T048|T063,3
D140,MAT2407,Tối ưu hóa,MAT2407 2,K68A5,Lý thuyết,2.0,0,T024|T048|T063,3
D141,MAT2407,Tối ưu hóa,MAT2407 3 TNT,K69 CNKHTN,Bài tập,2.0,0,T024|T048|T063,3
D142,MAT2407,Tối ưu hóa,MAT2407 3 TNT,K69 CNKHTN,Lý thuyết,2.0,0,T024|T048|T063,3
D143,MAT2407,Tối ưu hóa,MAT2407 4,K69A3,Bài tập,2.0,0,T024|T048|T063,3
D144,MAT2407,Tối ưu hóa,MAT2407 4,K69A3,Lý thuyết,2.0,0,T024|T048|T063,3
D145,MAT2407,Tối ưu hóa,MAT2407 5,K69A4,Bài tập,2.0,0,T024|T048|T063,3
D146,MAT2407,Tối ưu hóa,MAT2407 5,K69A4,Lý thuyết,2.0,0,T024|T048|T063,3
D147,MAT2501,Giải tích 1,MAT2501,Học lại,Bài tập,3.0,0,T069,1
D148,MAT2501,Giải tích 1,MAT2501,Học lại,Lý thuyết,3.0,0,T068,1
D149,MAT2502,Giải tích 2,MAT2502 1,K70A3,Bài tập,3.0,0,T059|T069|T078|T081,4
D150,MAT2502,Giải tích 2,"MAT2502 1,2",K70A3,Lý thuyết,3.0,0,T022|T033|T072,3
D151,MAT2502,Giải tích 2,MAT2502 2,K70A3,Bài tập,3.0,0,T059|T069|T078|T081,4
D152,MAT2502,Giải tích 2,MAT2502 3,K70A4,Bài tập,3.0,0,T059|T069|T078|T081,4
D153,MAT2502,Giải tích 2,"MAT2502 3,4",K70A4,Lý thuyết,3.0,0,T022|T033|T072,3
D154,MAT2502,Giải tích 2,MAT2502 4,K70A4,Bài tập,3.0,0,T059|T069|T078|T081,4
D155,MAT2502,Giải tích 2,MAT2502 5,K70A5,Bài tập,3.0,0,T059|T069|T078|T081,4
D156,MAT2502,Giải tích 2,"MAT2502 5,6",K70A5,Lý thuyết,3.0,0,T022|T033|T072,3
D157,MAT2502,Giải tích 2,MAT2502 6,K70A5,Bài tập,3.0,0,T059|T069|T078|T081,4
D158,MAT2505,Lập trình cơ bản,MAT2505 1,K70A2,Thực hành,3.0,1,T061|T066|T077,3
D159,MAT2505,Lập trình cơ bản,"MAT2505 1,2,3,4",K70A2,Lý thuyết,2.0,0,T077,1
D160,MAT2505,Lập trình cơ bản,MAT2505 2,K70A2,Thực hành,3.0,1,T061|T066|T077,3
D161,MAT2505,Lập trình cơ bản,MAT2505 3,K70A2,Thực hành,3.0,1,T061|T066|T077,3
D162,MAT2505,Lập trình cơ bản,MAT2505 4,K70A2,Thực hành,3.0,1,T061|T066|T077,3
D163,MAT2505,Lập trình cơ bản,MAT2505 5,K70A5,Thực hành,3.0,1,T061|T066|T077,3
D164,MAT2505,Lập trình cơ bản,"MAT2505 5,6,7,8",K70A5,Lý thuyết,2.0,0,T077,1
D165,MAT2505,Lập trình cơ bản,MAT2505 6,K70A5,Thực hành,3.0,1,T061|T066|T077,3
D166,MAT2505,Lập trình cơ bản,MAT2505 7,K70A5,Thực hành,3.0,1,T061|T066|T077,3
D167,MAT2505,Lập trình cơ bản,MAT2505 8,K70A5,Thực hành,3.0,1,T061|T066|T077,3
D168,MAT3101,Hệ động lực,MAT3101 TNT,K68 CNKHTN,Lý thuyết,3.0,0,T021,1
D169,MAT3300,Đại số đại cương,MAT3300 1 TNT,K69 CNKHTN,Bài tập,2.0,0,T052|T056|T057,3
D170,MAT3300,Đại số đại cương,MAT3300 1 TNT,K69 CNKHTN,Lý thuyết,3.0,0,T051|T055,2
D171,MAT3300,Đại số đại cương,MAT3300 2,K69A1T,Bài tập,2.0,0,T052|T056|T057,3
D172,MAT3300,Đại số đại cương,"MAT3300 2,3",K69A1T,Lý thuyết,3.0,0,T051|T055,2
D173,MAT3300,Đại số đại cương,MAT3300 3,K69A1T,Bài tập,2.0,0,T052|T056|T057,3
D174,MAT3304,Thực hành tính toán,MAT3304,K68A1T,Lý thuyết + Bài tập,3.0,0,T020,1
D175,MAT3306,Cơ sở hình học vi phân,MAT3306 1 TNT,K68 CNKHTN,Lý thuyết,3.0,0,T016,1
D176,MAT3306,Cơ sở hình học vi phân,MAT3306 2,K68A1T,Lý thuyết,3.0,0,T016,1
D177,MAT3318,Giải tích trên đa tạp,MAT3318 TNT,K68 CNKHTN,Lý thuyết,3.0,0,T018,1
D178,MAT3322,Xác suất 2,MAT3322 TNT,K68 CNKHTN,Lý thuyết,3.0,0,T019,1
D179,MAT3340,Giải tích hàm,MAT3340 TNT,K69 CNKHTN,Bài tập,3.0,0,T053,1
D180,MAT3340,Giải tích hàm,MAT3340 TNT,K69 CNKHTN,Lý thuyết,2.0,0,T053,1
D181,MAT3344,Giải tích phức,MAT3344 1 TNT,K69 CNKHTN,Bài tập,2.0,0,T054|T059,2
D182,MAT3344,Giải tích phức,MAT3344 1 TNT,K69 CNKHTN,Lý thuyết,3.0,0,T018|T054,2
D183,MAT3344,Giải tích phức,MAT3344 2,K69A1T,Bài tập,2.0,0,T054|T059,2
D184,MAT3344,Giải tích phức,MAT3344 2,K69A1T,Lý thuyết,3.0,0,T018|T054,2
D185,MAT3344,Giải tích phức,MAT3344 3,ĐHGD,Không rõ,5.0,0,T054|T059,2
D186,MAT3347,Lý thuyết Galois,MAT3347 1 TNT,K68 CNKHTN,Lý thuyết,4.0,0,T017,1
D187,MAT3347,Lý thuyết Galois,MAT3347 2,K68A1T,Lý thuyết,4.0,0,T017,1
D188,MAT3362,Một số vấn đề chọn lọc trong Cơ học,MAT3362,K67A1T,Lý thuyết,3.0,0,T003,1
D189,MAT3363,Xemina 1,MAT3363 TNT,K68 CNKHTN,Lý thuyết + Bài tập,3.0,0,T020,1
D190,MAT3371,Xây dựng phần mềm,MAT3371 1,K67A2,Thực hành,1.0,1,T006|T007|T008|T009|T010|T011,6
D191,MAT3371,Xây dựng phần mềm,"MAT3371 1,2,3",K67A2,Lý thuyết,2.0,0,T006|T007|T008|T009|T010|T011,6
D192,MAT3371,Xây dựng phần mềm,MAT3371 2,K67A2,Thực hành,1.0,1,T006|T007|T008|T009|T010|T011,6
D193,MAT3371,Xây dựng phần mềm,MAT3371 3,K67A2,Thực hành,1.0,1,T006|T007|T008|T009|T010|T011,6
D194,MAT3377,Một số vấn đề chọn lọc về Trí tuệ nhân tạo,MAT3377 1,K67A3|K67A4,Thực hành,2.0,1,T006,1
D195,MAT3377,Một số vấn đề chọn lọc về Trí tuệ nhân tạo,"MAT3377 1,2,3",K67A3|K67A4,Lý thuyết,2.0,0,T006,1
D196,MAT3377,Một số vấn đề chọn lọc về Trí tuệ nhân tạo,MAT3377 2,K67A3|K67A4,Thực hành,2.0,1,T006,1
D197,MAT3377,Một số vấn đề chọn lọc về Trí tuệ nhân tạo,MAT3377 3,K67A3|K67A4,Thực hành,2.0,1,T006,1
D198,MAT3378,Quản trị dữ liệu lớn,MAT3378 1,K69A5,Thực hành,3.0,1,T035|T036,2
D199,MAT3378,Quản trị dữ liệu lớn,"MAT3378 1,2,3,4",K69A5,Lý thuyết,2.0,0,T047,1
D200,MAT3378,Quản trị dữ liệu lớn,MAT3378 2,K69A5,Thực hành,3.0,1,T035|T036,2
D201,MAT3378,Quản trị dữ liệu lớn,MAT3378 3,K69A5,Thực hành,3.0,1,T035|T036,2
D202,MAT3378,Quản trị dữ liệu lớn,MAT3378 4,K69A5,Thực hành,3.0,1,T035|T036,2
D203,MAT3379,Phân tích hồi quy và ứng dụng,MAT3379 1,K69A5,Thực hành,3.0,1,T032,1
D204,MAT3379,Phân tích hồi quy và ứng dụng,"MAT3379 1,2",K69A5,Lý thuyết,2.0,0,T044,1
D205,MAT3379,Phân tích hồi quy và ứng dụng,MAT3379 2,K69A5,Thực hành,3.0,1,T032,1
D206,MAT3386,Phương pháp tính toán trong thống kê và khoa học dữ liệu,MAT3386,K68A5,Lý thuyết,2.0,0,T044,1
D207,MAT3386,Phương pháp tính toán trong thống kê và khoa học dữ liệu,MAT3386,K68A5,Thực hành,4.0,1,T026,1
D208,MAT3387,Kĩ thuật lấy mẫu khảo sát,MAT3387 1,K68A5,Thực hành,2.0,1,T026,1
D209,MAT3387,Kĩ thuật lấy mẫu khảo sát,"MAT3387 1,2",K68A5,Lý thuyết,2.0,0,T043,1
D210,MAT3387,Kĩ thuật lấy mẫu khảo sát,MAT3387 2,K68A5,Thực hành,4.0,1,T026,1
D211,MAT3388,Phân tích chuỗi thời gian,MAT3388 1,K68A5,Thực hành,2.0,1,T049,1
D212,MAT3388,Phân tích chuỗi thời gian,"MAT3388 1,2",K68A5,Lý thuyết,2.0,0,T025,1
D213,MAT3388,Phân tích chuỗi thời gian,MAT3388 2,K68A5,Thực hành,4.0,1,T049,1
D214,MAT3397,Một số vấn đề ứng dụng của khoa học dữ liệu,MAT3397 1,K67A5,Thực hành,1.0,1,T006|T007|T008|T009|T010|T012,6
D215,MAT3397,Một số vấn đề ứng dụng của khoa học dữ liệu,"MAT3397 1,2,3",K67A5,Lý thuyết,2.0,0,T006|T007|T008|T009|T010|T012,6
D216,MAT3397,Một số vấn đề ứng dụng của khoa học dữ liệu,MAT3397 2,K67A5,Thực hành,1.0,1,T006|T007|T008|T009|T010|T012,6
D217,MAT3397,Một số vấn đề ứng dụng của khoa học dữ liệu,MAT3397 3,K67A5,Thực hành,1.0,1,T006|T007|T008|T009|T010|T012,6
D218,MAT3398,Một số chủ đề trong mô hình hóa và phân tích dữ liệu,MAT3398 1,K67A5,Thực hành,3.0,1,T014|T015,2
D219,MAT3398,Một số chủ đề trong mô hình hóa và phân tích dữ liệu,"MAT3398 1,2",K67A5,Lý thuyết,2.0,0,T013,1
D220,MAT3398,Một số chủ đề trong mô hình hóa và phân tích dữ liệu,MAT3398 2,K67A5,Thực hành,3.0,1,T014|T015,2
D221,MAT3407,Lý thuyết đàn hồi,MAT3407,K67A1T,Bài tập,2.0,0,T002,1
D222,MAT3407,Lý thuyết đàn hồi,MAT3407,K67A1T,Lý thuyết,2.0,0,T002,1
D223,MAT3422,Lý thuyết bản và vỏ mỏng,MAT3422,K67A1T,Bài tập,2.0,0,T004,1
D224,MAT3422,Lý thuyết bản và vỏ mỏng,MAT3422,K67A1T,Lý thuyết,3.0,0,T004,1
D225,MAT3452,Phân tích thống kê nhiều chiều,MAT3452 1,K68A2,Thực hành,2.0,1,T014|T032,2
D226,MAT3452,Phân tích thống kê nhiều chiều,"MAT3452 1,2,3",K68A2,Lý thuyết,2.0,0,T013|T044,2
D227,MAT3452,Phân tích thống kê nhiều chiều,MAT3452 2,K68A2,Thực hành,2.0,1,T014|T032,2
D228,MAT3452,Phân tích thống kê nhiều chiều,MAT3452 3,K68A2,Thực hành,2.0,1,T014|T032,2
D229,MAT3452,Phân tích thống kê nhiều chiều,MAT3452 4,K68A3|K68A4,Thực hành,2.0,1,T014|T032,2
D230,MAT3452,Phân tích thống kê nhiều chiều,"MAT3452 4,5,6",K68A3|K68A4,Lý thuyết,2.0,0,T013|T044,2
D231,MAT3452,Phân tích thống kê nhiều chiều,MAT3452 5,K68A3|K68A4,Thực hành,2.0,1,T014|T032,2
D232,MAT3452,Phân tích thống kê nhiều chiều,MAT3452 6,K68A3|K68A4,Thực hành,2.0,1,T014|T032,2
D233,MAT3453,Phương pháp chọn mẫu dữ liệu,MAT3453,K68A3|K68A4,Bài tập,2.0,0,T043,1
D234,MAT3453,Phương pháp chọn mẫu dữ liệu,MAT3453,K68A3|K68A4,Lý thuyết,2.0,0,T043,1
D235,MAT3500,Toán rời rạc,MAT3500,K70A5,Bài tập,2.0,0,T011,1
D236,MAT3500,Toán rời rạc,MAT3500,K70A5,Lý thuyết,3.0,0,T011,1
D237,MAT3504,Thiết kế và đánh giá thuật toán,MAT3504 1,K68A2,Thực hành,2.0,1,T029|T030|T031,3
D238,MAT3504,Thiết kế và đánh giá thuật toán,"MAT3504 1,2,3,4",K68A2,Lý thuyết,2.0,0,T028,1
D239,MAT3504,Thiết kế và đánh giá thuật toán,MAT3504 2,K68A2,Thực hành,2.0,1,T029|T030|T031,3
D240,MAT3504,Thiết kế và đánh giá thuật toán,MAT3504 3,K68A2,Thực hành,2.0,1,T029|T030|T031,3
D241,MAT3504,Thiết kế và đánh giá thuật toán,MAT3504 4,K68A2,Thực hành,2.0,1,T029|T030|T031,3
D242,MAT3507,Cơ sở dữ liệu,MAT3507 1,K69A2,Thực hành,3.0,1,T035|T042|T061,3
D243,MAT3507,Cơ sở dữ liệu,"MAT3507 1,2,3,4,5,6",K69A2,Lý thuyết,3.0,0,T009,1
D244,MAT3507,Cơ sở dữ liệu,MAT3507 2,K69A2,Thực hành,3.0,1,T035|T042|T061,3
D245,MAT3507,Cơ sở dữ liệu,MAT3507 3,K69A2,Thực hành,3.0,1,T035|T042|T061,3
D246,MAT3507,Cơ sở dữ liệu,MAT3507 4,K69A2,Thực hành,3.0,1,T035|T042|T061,3
D247,MAT3507,Cơ sở dữ liệu,MAT3507 5,K69A2,Thực hành,3.0,1,T035|T042|T061,3
D248,MAT3507,Cơ sở dữ liệu,MAT3507 6,K69A2,Thực hành,3.0,1,T035|T042|T061,3
D249,MAT3514,Cấu trúc dữ liệu và thuật toán,MAT3514 1,K69A5,Thực hành,3.0,1,T030|T037|T066,3
D250,MAT3514,Cấu trúc dữ liệu và thuật toán,"MAT3514 1,2,3,4",K69A5,Lý thuyết,3.0,0,T007,1
D251,MAT3514,Cấu trúc dữ liệu và thuật toán,MAT3514 2,K69A5,Thực hành,3.0,1,T030|T037|T066,3
D252,MAT3514,Cấu trúc dữ liệu và thuật toán,MAT3514 3,K69A5,Thực hành,3.0,1,T030|T037|T066,3
D253,MAT3514,Cấu trúc dữ liệu và thuật toán,MAT3514 4,K69A5,Thực hành,3.0,1,T030|T037|T066,3
D254,MAT3519,Ngôn ngữ lập trình thứ hai,MAT3519 1,K68A3|K68A4,Thực hành,2.0,1,T037|T038,2
D255,MAT3519,Ngôn ngữ lập trình thứ hai,"MAT3519 1,2,3",K68A3|K68A4,Lý thuyết,2.0,0,T037,1
D256,MAT3519,Ngôn ngữ lập trình thứ hai,MAT3519 2,K68A3|K68A4,Thực hành,2.0,1,T037|T038,2
D257,MAT3519,Ngôn ngữ lập trình thứ hai,MAT3519 3,K68A3|K68A4,Thực hành,2.0,1,T037|T038,2
D258,MAT3525,Thực hành tính toán,MAT3525,K68A2,Lý thuyết + Bài tập,3.0,0,T033,1
D259,MAT3533,Học máy,MAT3533 1,K68A2,Thực hành,2.0,1,T010|T035|T036|T047,4
D260,MAT3533,Học máy,"MAT3533 1,2,3",K68A2,Lý thuyết,2.0,0,T034|T047,2
D261,MAT3533,Học máy,MAT3533 2,K68A2,Thực hành,2.0,1,T010|T035|T036|T047,4
D262,MAT3533,Học máy,MAT3533 3,K68A2,Thực hành,2.0,1,T010|T035|T036|T047,4
D263,MAT3533,Học máy,MAT3533 4,K68A5,Thực hành,2.0,1,T010|T035|T036|T047,4
D264,MAT3533,Học máy,"MAT3533 4,5,6",K68A5,Lý thuyết,2.0,0,T034|T047,2
D265,MAT3533,Học máy,MAT3533 5,K68A5,Thực hành,2.0,1,T010|T035|T036|T047,4
D266,MAT3533,Học máy,MAT3533 6,K68A5,Thực hành,2.0,1,T010|T035|T036|T047,4
D267,MAT3534,Khai phá dữ liệu,MAT3534 1,K68A3|K68A4,Thực hành,2.0,1,T045|T046,2
D268,MAT3534,Khai phá dữ liệu,"MAT3534 1,2,3,4",K68A3|K68A4,Lý thuyết,2.0,0,T045,1
D269,MAT3534,Khai phá dữ liệu,MAT3534 2,K68A3|K68A4,Thực hành,2.0,1,T045|T046,2
D270,MAT3534,Khai phá dữ liệu,MAT3534 3,K68A3|K68A4,Thực hành,2.0,1,T045|T046,2
D271,MAT3534,Khai phá dữ liệu,MAT3534 4,K68A3|K68A4,Thực hành,2.0,1,T045|T046,2
D272,MAT3539,Mật mã và an toàn dữ liệu,MAT3539,K67A3|K67A4,Bài tập,2.0,0,T001,1
D273,MAT3539,Mật mã và an toàn dữ liệu,MAT3539,K67A3|K67A4,Lý thuyết,2.0,0,T001,1
D274,MAT3541E,Nguyên lý các ngôn ngữ lập trình,MAT3541E 1,K68A3,Thực hành,2.0,1,T007|T041,2
D275,MAT3541E,Nguyên lý các ngôn ngữ lập trình,"MAT3541E 1,2,3",K68A3,Lý thuyết,2.0,0,T040,1
D276,MAT3541E,Nguyên lý các ngôn ngữ lập trình,MAT3541E 2,K68A3,Thực hành,2.0,1,T007|T041,2
D277,MAT3541E,Nguyên lý các ngôn ngữ lập trình,MAT3541E 3,K68A3,Thực hành,2.0,1,T007|T041,2
D278,MAT3541E,Nguyên lý các ngôn ngữ lập trình,MAT3541E 4,K68A4,Thực hành,2.0,1,T007|T041,2
D279,MAT3541E,Nguyên lý các ngôn ngữ lập trình,"MAT3541E 4,5,6",K68A4,Lý thuyết,2.0,0,T040,1
D280,MAT3541E,Nguyên lý các ngôn ngữ lập trình,MAT3541E 5,K68A4,Thực hành,2.0,1,T007|T041,2
D281,MAT3541E,Nguyên lý các ngôn ngữ lập trình,MAT3541E 6,K68A4,Thực hành,2.0,1,T007|T041,2
D282,MAT3550E,Nguyên lí hệ điều hành,MAT3550E 1,K69A3,Thực hành,2.0,1,T035|T041|T042|T064,4
D283,MAT3550E,Nguyên lí hệ điều hành,"MAT3550E 1,2,3",K69A3,Lý thuyết,2.0,0,T064,1
D284,MAT3550E,Nguyên lí hệ điều hành,MAT3550E 2,K69A3,Thực hành,2.0,1,T035|T041|T042|T064,4
D285,MAT3550E,Nguyên lí hệ điều hành,MAT3550E 3,K69A3,Thực hành,2.0,1,T035|T041|T042|T064,4
D286,MAT3550E,Nguyên lí hệ điều hành,MAT3550E 4,K69A3,Thực hành,2.0,1,T035|T041|T042|T064,4
D287,MAT3550E,Nguyên lí hệ điều hành,MAT3550E 4,K69A4,Thực hành,2.0,1,T035|T041|T042|T064,4
D288,MAT3550E,Nguyên lí hệ điều hành,"MAT3550E 4,5,6",K69A4,Lý thuyết,2.0,0,T064,1
D289,MAT3550E,Nguyên lí hệ điều hành,MAT3550E 5,K69A4,Thực hành,2.0,1,T035|T041|T042|T064,4
D290,MAT3550E,Nguyên lí hệ điều hành,MAT3550E 6,K69A4,Thực hành,2.0,1,T035|T041|T042|T064,4
D291,MAT3552E,Thiết kế và đánh giá thuật toán,MAT3552E 1,K68A3,Thực hành,2.0,1,T028|T029|T030,3
D292,MAT3552E,Thiết kế và đánh giá thuật toán,"MAT3552E 1,2,3",K68A3,Lý thuyết,2.0,0,T028,1
D293,MAT3552E,Thiết kế và đánh giá thuật toán,MAT3552E 2,K68A3,Thực hành,2.0,1,T028|T029|T030,3
D294,MAT3552E,Thiết kế và đánh giá thuật toán,MAT3552E 3,K68A3,Thực hành,2.0,1,T028|T029|T030,3
D295,MAT3552E,Thiết kế và đánh giá thuật toán,MAT3552E 4,K68A4,Thực hành,2.0,1,T028|T029|T030,3
D296,MAT3552E,Thiết kế và đánh giá thuật toán,"MAT3552E 4,5,6",K68A4,Lý thuyết,2.0,0,T028,1
D297,MAT3552E,Thiết kế và đánh giá thuật toán,MAT3552E 5,K68A4,Thực hành,2.0,1,T028|T029|T030,3
D298,MAT3552E,Thiết kế và đánh giá thuật toán,MAT3552E 6,K68A4,Thực hành,2.0,1,T028|T029|T030,3
D299,MAT3557,Môi trường lập trình Linux,MAT3557 1,K70A5,Thực hành,2.0,1,T010|T082,2
D300,MAT3557,Môi trường lập trình Linux,"MAT3557 1,2,3,4",K70A5,Lý thuyết,2.0,0,T010,1
D301,MAT3557,Môi trường lập trình Linux,MAT3557 2,K70A5,Thực hành,2.0,1,T010|T082,2
D302,MAT3557,Môi trường lập trình Linux,MAT3557 3,K70A5,Thực hành,2.0,1,T010|T082,2
D303,MAT3557,Môi trường lập trình Linux,MAT3557 4,K70A5,Thực hành,2.0,1,T010|T082,2
D304,MAT3562E,Thị giác máy tính,MAT3562E 1,K68A3|K68A4,Thực hành,2.0,1,T034|T042,2
D305,MAT3562E,Thị giác máy tính,"MAT3562E 1,2,3",K68A3|K68A4,Lý thuyết,2.0,0,T034,1
D306,MAT3562E,Thị giác máy tính,MAT3562E 2,K68A3|K68A4,Thực hành,2.0,1,T034|T042,2
D307,MAT3562E,Thị giác máy tính,MAT3562E 3,K68A3|K68A4,Thực hành,2.0,1,T034|T042,2
D308,MAT4071,Một số vấn đề chọn lọc trong Toán học,MAT4071,K67A1T,Lý thuyết,3.0,0,T001,1
D309,MAT4072,Một số vấn đề chọn lọc trong tính toán khoa học,MAT4072,K67A1T|K67A2,Bài tập,3.0,0,T005,1
D310,MAT4072,Một số vấn đề chọn lọc trong tính toán khoa học,MAT4072,K67A1T|K67A2,Lý thuyết,2.0,0,T005,1
